id,price,city,state,mileage,vin,msrp,make,model,year,depreciation,latitude,longitude
0,16988,Scottsdale, AZ,47760,WBA3C1C5XEK113707,37100,BMW,328i,2014,54.21,33.51,-111.9
1,18296,Phoenix, AZ,38500,WBA3B1C54EP679898,32550,BMW,320i,2014,43.79,33.45,-112.08
2,14998,Phoenix, AZ,76117,WBA3C1C58EK111325,37100,BMW,328i,2014,59.57,33.45,-112.08
3,18691,Tucson, AZ,63102,WBA3A5C52EP603316,37100,BMW,328i,2014,49.62,32.22,-110.93
4,18500,Scottsdale, AZ,36057,WBA3B1C5XEK132101,32550,BMW,320i,2014,43.16,33.51,-111.9
5,18551,Chandler, AZ,61215,WBA3B1C51EK134531,32550,BMW,320i,2014,43.01,33.31,-111.84
6,17877,Merriam, KS,61504,WBA3C3G58ENS70804,34550,BMW,320i,2014,48.26,39.02,-94.69
7,17995,Raleigh, NC,44719,WBA3B5C55EP539821,39100,BMW,328i,2014,53.98,35.78,-78.64
8,15500,Scottsdale, AZ,20423,WBY1Z2C58EV286055,41350,BMW,i3,2014,62.52,33.51,-111.9
9,19555,Chandler, AZ,33060,WBAVM1C59EVW50587,30900,BMW,X1,2014,36.72,33.31,-111.84
10,20741,Chandler, AZ,39467,WBA3B1G59ENS80247,32550,BMW,320i,2014,36.28,33.31,-111.84
11,16955,Chandler, AZ,29514,WBY1Z2C50EVX51394,41350,BMW,i3,2014,59.0,33.31,-111.84
12,18750,Scottsdale, AZ,48399,WBA3B1C51EPV79886,32550,BMW,320i,2014,42.4,33.51,-111.9
13,18900,Greensboro, NC,20777,WBAVM1C52EVW50026,30900,BMW,X1,2014,38.83,36.07,-79.79
14,18498,Winston-Salem, NC,67070,WBA3D5C55EKX98106,40600,BMW,328d,2014,54.44,36.1,-80.24
15,17547,Phoenix, AZ,11280,WBY1Z2C51EV285538,41350,BMW,i3,2014,57.56,33.45,-112.08
16,21500,Scottsdale, AZ,11192,WBA3B1G51ENS78279,32550,BMW,320i,2014,33.95,33.51,-111.9
17,19498,Charlotte, NC,35745,WBA3A5C52EP602571,37100,BMW,328i,2014,47.44,35.23,-80.84
18,19981,Scottsdale, AZ,36648,WBA3B1C52EK130911,32550,BMW,320i,2014,38.61,33.51,-111.9
19,27000,Kansas City, KS,59021,WBA5B3C50ED292576,57400,BMW,535i,2014,52.96,39.08,-94.56
20,30990,Wilmington, NC,21872,5UXWX9C54E0D27639,39800,BMW,X3,2014,22.14,39.75,-75.55
21,30870,Chapel Hill, NC,30655,WBA5A7C50ED616183,51800,BMW,528i,2014,40.41,35.91,-79.06
22,27551,Charlotte, NC,49115,5UXWX9C58E0D25859,39800,BMW,X3,2014,30.78,35.23,-80.84
23,30875,Chapel Hill, NC,32920,WBA5A5C59ED501179,49500,BMW,528i,2014,37.63,35.91,-79.06
24,30881,Charlotte, NC,26084,WBA5A5C53ED512243,49500,BMW,528i,2014,37.61,35.23,-80.84
25,28981,Charlotte, NC,40170,WBA5B1C58ED482274,55100,BMW,535i,2014,47.4,35.23,-80.84
26,29998,Tempe, AZ,28443,WBA5A5C59ED506527,49500,BMW,528i,2014,39.4,33.41,-111.91
27,27974,Charlotte, NC,53253,WBA5B1C50ED479885,55100,BMW,535i,2014,49.23,35.23,-80.84
28,28445,Chapel Hill, NC,64201,WBA5B1C50ED479062,55100,BMW,535i,2014,48.38,35.91,-79.06
29,27995,Charlotte, NC,38974,5UXWX9C58E0D29958,39800,BMW,X3,2014,29.66,35.23,-80.84
30,30551,Charlotte, NC,32311,WBA5A5C5XED511641,49500,BMW,528i,2014,38.28,35.23,-80.84
31,27911,Charlotte, NC,49574,5UXWX9C51E0D35925,39800,BMW,X3,2014,29.87,35.23,-80.84
32,30989,Charlotte, NC,26289,WBA5A5C57ED508437,49500,BMW,528i,2014,37.4,35.23,-80.84
33,29500,Scottsdale, AZ,36258,WBA5A5C57ED510091,49500,BMW,528i,2014,40.4,33.51,-111.9
34,28998,Tempe, AZ,43805,WBA5B1C58ED482761,55100,BMW,535i,2014,47.37,33.41,-111.91
35,30730,Phoenix, AZ,32454,WBA5A5C59ED511355,49500,BMW,528i,2014,37.92,33.45,-112.08
36,26500,Greensboro, NC,73969,WBAXA5C52ED689388,56600,BMW,535d,2014,53.18,36.07,-79.79
37,21480,North Scottsdale, AZ,45950,WBA3X5C57ED243427,41450,BMW,328i,2014,48.18,,
38,29998,Tempe, AZ,32344,WBA5A5C53ED510539,49500,BMW,528i,2014,39.4,33.41,-111.91
39,27787,Tempe, AZ,46492,5UXWX7C58E0E81596,44900,BMW,X3,2014,38.11,33.41,-111.91
40,25000,Charlotte, NC,12990,WBA3N3C59EK230622,40500,BMW,428i,2014,38.27,35.23,-80.84
41,24277,Tempe, AZ,21821,WBA3N7C5XEK220236,40500,BMW,428i,2014,40.06,33.41,-111.91
42,25777,Merriam, KS,20381,WBA3N7C51EK220464,40500,BMW,428i,2014,36.35,39.02,-94.69
43,31331,Charlotte, NC,28785,WBA5A5C51ED511558,49500,BMW,528i,2014,36.71,35.23,-80.84
44,28990,Morrisville, NC,33037,5UXWX9C55E0D29724,39800,BMW,X3,2014,27.16,35.82,-78.83
45,34472,Charlotte, NC,29955,WBA3A9G57ENS64744,43200,BMW,335i,2014,20.2,35.23,-80.84
46,32991,Charlotte, NC,9549,WBA5A5C52ED511892,49500,BMW,528i,2014,33.35,35.23,-80.84
47,23997,Jacksonville, NC,36261,WBA1F5C54EV255913,32100,BMW,228i,2014,25.24,30.33,-81.66
48,29986,Cary, NC,48807,WBA5B1C53ED481355,55100,BMW,535i,2014,45.58,35.79,-78.78
49,31998,Phoenix, AZ,27060,WBA5B1C58ED480251,55100,BMW,535i,2014,41.93,33.45,-112.08
50,24649,Charlotte, NC,27477,WBA3N7C53EK220126,40500,BMW,428i,2014,39.14,35.23,-80.84
51,25477,Merriam, KS,33900,WBA3N9C57EK245915,42500,BMW,428i,2014,40.05,39.02,-94.69
52,23219,Charlotte, NC,44974,WBA3N9C51EF721620,42500,BMW,428i,2014,45.37,35.23,-80.84
53,30500,Scottsdale, AZ,47641,WBAKN9C59ED681357,63900,BMW,550i,2014,52.27,33.51,-111.9
54,25995,Kinston, NC,31204,WBAVL1C54EVY23788,32600,BMW,X1,2014,20.26,35.26,-77.58
55,23800,Greensboro, NC,42022,WBA3N3C57EF711221,40500,BMW,428i,2014,41.23,36.07,-79.79
56,36685,Wilmington, NC,38725,WBA3A9C55EF478700,43200,BMW,335i,2014,15.08,39.75,-75.55
57,25495,Charlotte, NC,23170,WBA3N9C59EK244796,42500,BMW,428i,2014,40.01,35.23,-80.84
58,22236,Apex, NC,62723,WBA3N3C52EF711336,40500,BMW,428i,2014,45.1,35.73,-78.85
59,24947,Tempe, AZ,28561,WBA1F5C53EVW97937,32100,BMW,228i,2014,22.28,33.41,-111.91
60,24998,Tempe, AZ,30348,WBA3N7C54EK220460,40500,BMW,428i,2014,38.28,33.41,-111.91
61,31480,Raleigh, NC,44420,WBA5B3C55ED534410,57400,BMW,535i,2014,45.16,35.78,-78.64
62,31998,Tempe, AZ,30495,WBAXA5C59ED689078,56600,BMW,535d,2014,43.47,33.41,-111.91
63,33653,Tucson, AZ,36074,WBA5B3C54ED536133,57400,BMW,535i,2014,41.37,32.22,-110.93
64,31911,Charlotte, NC,42298,WBA5B1C55ED483348,55100,BMW,535i,2014,42.09,35.23,-80.84
65,25998,Tempe, AZ,22189,WBA3N9C51EK245036,42500,BMW,428i,2014,38.83,33.41,-111.91
66,31495,Charlotte, NC,38633,WBA5B1C51ED481161,55100,BMW,535i,2014,42.84,35.23,-80.84
67,45988,Peoria, AZ,28735,WBALW7C59EDX59061,82900,BMW,640i,2014,44.53,40.69,-89.59
68,37495,Raleigh, NC,42130,WBAFV3C50ED685408,58900,BMW,535d,2014,36.34,35.78,-78.64
69,49690,Chapel Hill, NC,20310,WBAYE8C55ED780374,91000,BMW,750Li / ALPINA B7,2014,45.4,35.91,-79.06
70,48869,Raleigh, NC,22049,WBAYM9C52ED248198,86700,BMW,650i,2014,43.63,35.78,-78.64
71,47750,Mooresville, NC,34545,WBAYE8C58ED135914,91000,BMW,750Li / ALPINA B7,2014,47.53,39.61,-86.37
72,47000,Scottsdale, AZ,44724,WBAYE8C54EDS16070,91000,BMW,750Li / ALPINA B7,2014,48.35,33.51,-111.9
73,47000,Scottsdale, AZ,34562,WBAYP9C5XED169496,94200,BMW,650i,2014,50.11,33.51,-111.9
74,51911,Charlotte, NC,16692,WBA6B2C59ED129486,88900,BMW,650i,2014,41.61,35.23,-80.84
75,49988,Peoria, AZ,33996,WBAYP9C55ED169468,94200,BMW,650i,2014,46.93,40.69,-89.59
76,51500,Scottsdale, AZ,16968,WBAYP9C54ED169087,94200,BMW,650i,2014,45.33,33.51,-111.9
77,54788,Wilmington, NC,9091,5UXFG8C56EL593198,71400,BMW,X6,2014,23.27,39.75,-75.55
78,36995,Kinston, NC,7541,WBA5A5C59ED509282,49500,BMW,528i,2014,25.26,35.26,-77.58
79,56889,Chapel Hill, NC,15256,WBAYP9C55ED168952,94200,BMW,650i,2014,39.61,35.91,-79.06
80,12855,Surprise, AZ,16985,1G11C5SL4EF303411,23510,CHEVROLET,Malibu,2014,45.32,33.63,-112.37
81,11500,Indian Trail, NC,30803,1G11B5SL8EU123072,22140,CHEVROLET,Malibu,2014,48.06,35.08,-80.67
82,12789,Kannapolis, NC,16276,1G11B5SL2EF183935,22140,CHEVROLET,Malibu,2014,42.24,35.49,-80.62
83,11750,Kansas City, KS,40373,1G11B5SL3EF234438,22140,CHEVROLET,Malibu,2014,46.93,39.08,-94.56
84,14500,Safford, AZ,1779,1G11B5SL5EF235087,22140,CHEVROLET,Malibu,2014,34.51,32.83,-109.71
85,9250,Forest City, NC,27301,1G1PA5SH6E7483559,18355,CHEVROLET,Cruze,2014,49.61,43.26,-93.64
86,12789,Kannapolis, NC,22765,1G11B5SL4EF151892,22140,CHEVROLET,Malibu,2014,42.24,35.49,-80.62
87,9777,Scottsdale, AZ,22995,1G1PA5SG1E7425365,18355,CHEVROLET,Cruze,2014,46.73,33.51,-111.9
88,14000,Junction City, KS,27158,1G11C5SL6EF237993,23510,CHEVROLET,Malibu,2014,40.45,39.03,-96.83
89,10995,Cornelius, NC,62853,1G11C5SL4EF266960,23510,CHEVROLET,Malibu,2014,53.23,45.52,-123.06
90,11416,Durham, NC,59600,1G11B5SLXEF242827,22140,CHEVROLET,Malibu,2014,48.44,36.0,-78.9
91,10500,Greensboro, NC,11746,1G1PA5SG9E7349474,18355,CHEVROLET,Cruze,2014,42.79,36.07,-79.79
92,10132,Overland Park, KS,40414,1G1PA5SH1E7193441,18355,CHEVROLET,Cruze,2014,44.8,38.98,-94.67
93,11999,Tucson, AZ,33264,1G11A5SL6EF294345,0,CHEVROLET,Malibu,2014,-inf,32.22,-110.93
94,13987,Winston Salem, NC,23405,1G11C5SLXEF301954,23510,CHEVROLET,Malibu,2014,40.51,,
95,10795,Avondale, AZ,44318,1G11B5SL9EF158983,22140,CHEVROLET,Malibu,2014,51.24,33.44,-112.34
96,13995,Emporia, KS,21799,1G11B5SLXEF190065,22140,CHEVROLET,Malibu,2014,36.79,38.4,-96.18
97,11255,Surprise, AZ,59545,1G11B5SL1EF144690,22140,CHEVROLET,Malibu,2014,49.16,33.63,-112.37
98,10995,Graham, NC,43905,1G11B5SL1EF214639,22140,CHEVROLET,Malibu,2014,50.34,47.04,-122.28
99,9500,Merriam, KS,61726,1G1PC5SB3E7458785,19810,CHEVROLET,Cruze,2014,52.04,39.02,-94.69
100,9000,Kernersville, NC,74514,1G1PC5SB3E7300222,19810,CHEVROLET,Cruze,2014,54.57,36.12,-80.07
101,11995,Topeka, KS,36619,1G1PA5SH9E7195471,18355,CHEVROLET,Cruze,2014,34.65,39.05,-95.68
102,11995,Charlotte, NC,32408,1G1PG5SB3E7381713,23705,CHEVROLET,Cruze,2014,49.4,35.23,-80.84
103,11994,Merriam, KS,73778,1G11C5SL4EF280843,23510,CHEVROLET,Malibu,2014,48.98,39.02,-94.69
104,11495,Scottsdale, AZ,83255,1G11E5SL1EF205740,25215,CHEVROLET,Malibu,2014,54.41,33.51,-111.9
105,10998,Charlotte, NC,46475,1G1PA5SH2E7411810,18355,CHEVROLET,Cruze,2014,40.08,35.23,-80.84
106,13688,Lexington, NC,50877,1G11C5SL0EF201135,23510,CHEVROLET,Malibu,2014,41.78,38.05,-84.5
107,10995,Raleigh, NC,45795,1G1PE5SB1E7225319,22480,CHEVROLET,Cruze,2014,51.09,35.78,-78.64
108,15988,Topeka, KS,33475,2GNALAEK3E6238099,24360,CHEVROLET,Equinox,2014,34.37,39.05,-95.68
109,11435,Greenville, NC,47286,1G1PK5SB0E7377827,19835,CHEVROLET,Cruze,2014,42.35,34.85,-82.4
110,12598,Knightdale, NC,64586,1G11C5SL2EF201122,23510,CHEVROLET,Malibu,2014,46.41,35.79,-78.48
111,11995,Charlotte, NC,34284,1G1PE5SB6E7308888,22480,CHEVROLET,Cruze,2014,46.64,35.23,-80.84
112,8800,Charlotte, NC,76160,1G1PA5SH0E7402653,18355,CHEVROLET,Cruze,2014,52.06,35.23,-80.84
113,10855,Lawrence, KS,10685,KL8CL6S05EC400509,27010,CHEVROLET,Spark,2014,59.81,38.97,-95.24
114,10700,Morganton, NC,63944,1G1PC5SB5E7126654,19810,CHEVROLET,Cruze,2014,45.99,35.75,-81.69
115,13333,Phoenix, AZ,28312,1G1P75SZ4E7274702,24885,CHEVROLET,Cruze,2014,46.42,33.45,-112.08
116,11749,Lawrence, KS,48683,1G1PC5SB2E7422327,19810,CHEVROLET,Cruze,2014,40.69,38.97,-95.24
117,12995,Graham, NC,18975,1G1PA5SH0E7325993,18355,CHEVROLET,Cruze,2014,29.2,47.04,-122.28
118,14887,Hickory, NC,35917,2GNALAEK7E6316187,24360,CHEVROLET,Equinox,2014,38.89,35.73,-81.34
119,9742,Glendale, AZ,67801,1G1PC5SB8E7295387,19810,CHEVROLET,Cruze,2014,50.82,34.14,-118.25
120,12500,Kansas City, KS,46918,1G1PG5SB4E7302842,23705,CHEVROLET,Cruze,2014,47.27,39.08,-94.56
121,12500,Merriam, KS,31075,1G1PC5SB9E7335167,19810,CHEVROLET,Cruze,2014,36.9,39.02,-94.69
122,19300,Matthews, NC,3717,2G1FB1E38E9286375,25755,CHEVROLET,Camaro,2014,25.06,35.12,-80.72
123,16330,Winston Salem, NC,45529,2G1FE1E34E9204097,23455,CHEVROLET,Camaro,2014,30.38,,
124,17989,Chandler, AZ,25839,2G1FF1E38E9278989,25755,CHEVROLET,Camaro,2014,30.15,33.31,-111.84
125,16987,Tempe, AZ,30820,2G1FB1E36E9257408,25755,CHEVROLET,Camaro,2014,34.04,33.41,-111.91
126,10498,Greensboro, NC,29800,KL8CA6S92EC556656,12170,CHEVROLET,Spark,2014,13.74,36.07,-79.79
127,17000,Glendale, AZ,27096,2G11Y5SL9E9111833,26860,CHEVROLET,Impala,2014,36.71,34.14,-118.25
128,17411,Gilbert, AZ,39170,1GCNCPEH4EZ260067,23590,CHEVROLET,Silverado,2014,26.19,47.49,-92.47
129,17990,Abilene, KS,34285,1GCNCPEH7EZ277333,23590,CHEVROLET,Silverado,2014,23.74,32.45,-99.73
130,14222,Phoenix, AZ,30934,1G1RE6E42EU173499,0,CHEVROLET,Volt,2014,-inf,33.45,-112.08
131,18000,Phoenix, AZ,22500,2G1FA1E35E9318704,24655,CHEVROLET,Camaro,2014,26.99,33.45,-112.08
132,13000,Phoenix, AZ,46233,1G1RG6E45EU152611,0,CHEVROLET,Volt,2014,-inf,33.45,-112.08
133,10095,Winston Salem, NC,85841,1G1JA6SH7E4127473,16020,CHEVROLET,Sonic,2014,36.99,,
134,19330,Fayetteville, NC,27195,1GCNCPEH8EZ366862,23590,CHEVROLET,Silverado,2014,18.06,36.06,-94.16
135,14500,Kansas City, KS,57220,2G1FE1E32E9150766,23455,CHEVROLET,Camaro,2014,38.18,39.08,-94.56
136,6998,Raleigh, NC,58696,KL8CB6S92EC460426,13480,CHEVROLET,Spark,2014,48.09,35.78,-78.64
137,6500,Charlotte, NC,64842,KL8CB6S99EC526213,13480,CHEVROLET,Spark,2014,51.78,35.23,-80.84
138,15989,Harbinger, NC,47620,1GCNCPEH4EZ313687,23590,CHEVROLET,Silverado,2014,32.22,36.1,-75.81
139,15999,Sierra Vista, AZ,48688,2G11Y5SL0E9277917,26860,CHEVROLET,Impala,2014,40.44,31.55,-110.3
140,18222,Scottsdale, AZ,23545,2G1FA1E33E9307135,24655,CHEVROLET,Camaro,2014,26.09,33.51,-111.9
141,14995,Wilmington, NC,40719,1G1RA6E43EU146954,34185,CHEVROLET,Volt,2014,56.14,39.75,-75.55
142,8595,Henderson, NC,50810,KL8CB6S97EC472880,13480,CHEVROLET,Spark,2014,36.24,36.04,-114.98
143,17500,Mount Airy, NC,41481,2G1FA1E34E9204533,24655,CHEVROLET,Camaro,2014,29.02,39.38,-77.15
144,18058,Charlotte, NC,25774,2G1FA1E33E9222831,24655,CHEVROLET,Camaro,2014,26.76,35.23,-80.84
145,21500,Olathe, KS,44506,2G1155S35E9170127,35905,CHEVROLET,Impala,2014,40.12,38.88,-94.82
146,21789,Kannapolis, NC,51443,2G1155S39E9212931,35905,CHEVROLET,Impala,2014,39.31,35.49,-80.62
147,20990,Goldsboro, NC,68428,2G1155S36E9304613,35905,CHEVROLET,Impala,2014,41.54,35.38,-77.99
148,20444,Phoenix, AZ,46625,1GNKRGKD5EJ280059,34010,CHEVROLET,Traverse,2014,39.89,33.45,-112.08
149,12342,Lumberton, NC,51052,1G1PC5SB7E7204044,19810,CHEVROLET,Cruze,2014,37.7,30.27,-94.2
150,14995,Graham, NC,121145,2G1125S37E9162250,30085,CHEVROLET,Impala,2014,50.16,47.04,-122.28
151,15999,Greensboro, NC,102868,1GNKRGKD4EJ263687,34010,CHEVROLET,Traverse,2014,52.96,36.07,-79.79
152,19400,Kansas City, KS,7355,1G11H5SL7EF237339,27690,CHEVROLET,Malibu,2014,29.94,39.08,-94.56
153,23422,Raleigh, NC,44767,2G1FJ1EJXE9138259,32955,CHEVROLET,Camaro,2014,28.93,35.78,-78.64
154,13485,Apex, NC,46198,1G1PE5SB8E7397024,22480,CHEVROLET,Cruze,2014,40.01,35.73,-78.85
155,19495,Graham, NC,48034,1GNKRHKD7EJ336427,36865,CHEVROLET,Traverse,2014,47.12,47.04,-122.28
156,24000,Goodyear, AZ,48639,3GCPCPEH1EG299353,32200,CHEVROLET,Silverado,2014,25.47,33.44,-112.36
157,25995,DUNN, NC,14711,3GCPCPECXEG229287,32200,CHEVROLET,Silverado,2014,19.27,35.31,-78.61
158,12499,Hendersonville, NC,78386,1G11C5SL6EF192912,23510,CHEVROLET,Malibu,2014,46.84,36.3,-86.62
159,23777,Phoenix, AZ,40698,1GCRCREC1EZ282349,31800,CHEVROLET,Silverado,2014,25.23,33.45,-112.08
160,21400,Greensboro, NC,60992,1GCRCREH3EZ306260,31800,CHEVROLET,Silverado,2014,32.7,36.07,-79.79
161,16998,Southern Pines, NC,84110,1GNKVFKD3EJ312089,32795,CHEVROLET,Traverse,2014,48.17,35.17,-79.39
162,19995,Elizabeth City, NC,79448,2G1155S38E9305651,35905,CHEVROLET,Impala,2014,44.31,36.3,-76.22
163,12340,Safford, AZ,52354,1G1P75SZ5E7168615,24885,CHEVROLET,Cruze,2014,50.41,32.83,-109.71
164,24998,Merriam, KS,25601,2G1155S39E9153234,35905,CHEVROLET,Impala,2014,30.38,39.02,-94.69
165,25555,Lawrence, KS,17606,1GCNCREHXEZ170451,29145,CHEVROLET,Silverado,2014,12.32,38.97,-95.24
166,23997,Wallace, NC,32173,1G1155S30EU134218,35905,CHEVROLET,Impala,2014,33.17,47.47,-115.93
167,24265,Tucson, AZ,56679,1GCRCREH9EZ256576,31800,CHEVROLET,Silverado,2014,23.69,32.22,-110.93
168,14649,Durham, NC,50114,2GNALAEK5E6310498,24360,CHEVROLET,Equinox,2014,39.86,36.0,-78.9
169,10995,Leavenworth, KS,20403,1FADP3R41EL264375,35200,FORD,Focus,2014,68.76,47.6,-120.66
170,10999,Phoenix, AZ,10120,1FADP3R4XEL363289,35200,FORD,Focus,2014,68.75,33.45,-112.08
171,11593,Phoenix, AZ,16493,1FADP3R46EL300061,35200,FORD,Focus,2014,67.07,33.45,-112.08
172,11490,Phoenix, AZ,24839,1FADP3R45EL210190,35200,FORD,Focus,2014,67.36,33.45,-112.08
173,11650,Raleigh, NC,29294,1FADP3R42EL378112,35200,FORD,Focus,2014,66.9,35.78,-78.64
174,10994,Mesa, AZ,38673,1FADP3R48EL118362,35200,FORD,Focus,2014,68.77,33.41,-111.83
175,10999,Scottsdale, AZ,23400,1FADP3R48EL259786,35200,FORD,Focus,2014,68.75,33.51,-111.9
176,13476,Leavenworth, KS,15155,3FA6P0HD1ER228096,23855,FORD,Fusion,2014,43.51,47.6,-120.66
177,9749,Albermarle, NC,48942,3FA6P0G72ER208497,21900,FORD,Fusion,2014,55.48,,
178,13423,Leavenworth, KS,23697,1FA6P0H77E5398881,23855,FORD,Fusion,2014,43.73,47.6,-120.66
179,12000,Merriam, KS,20794,3FA6P0H76ER291348,23855,FORD,Fusion,2014,49.7,39.02,-94.69
180,7822,Leavenworth, KS,47204,1FADP3E20EL350524,16310,FORD,Focus,2014,52.04,47.6,-120.66
181,8100,Leavenworth, KS,31920,3FADP4AJ4EM241145,14000,FORD,Fiesta,2014,42.14,47.6,-120.66
182,10998,Peoria, AZ,49148,3FA6P0H78ER392357,23855,FORD,Fusion,2014,53.9,40.69,-89.59
183,12948,Leavenworth, KS,40103,3FA6P0H70ER114651,23855,FORD,Fusion,2014,45.72,47.6,-120.66
184,8988,Merriam, KS,24231,1FADP3F22EL449697,18515,FORD,Focus,2014,51.46,39.02,-94.69
185,13100,Greensboro, NC,15600,1FA6P0H78E5390823,23855,FORD,Fusion,2014,45.08,36.07,-79.79
186,12945,Mesa, AZ,34525,3FA6P0G73ER299215,21900,FORD,Fusion,2014,40.89,33.41,-111.83
187,12997,Scottsdale, AZ,28315,3FA6P0HDXER195003,23855,FORD,Fusion,2014,45.52,33.51,-111.9
188,10300,Leavenworth, KS,12141,3FADP4EJXEM219869,16050,FORD,Fiesta,2014,35.83,47.6,-120.66
189,9875,Leavenworth, KS,31360,1FADP3F23EL374444,18515,FORD,Focus,2014,46.66,47.6,-120.66
190,8956,Leavenworth, KS,42771,1FADP3K29EL391173,19115,FORD,Focus,2014,53.15,47.6,-120.66
191,10500,Leavenworth, KS,24324,1FADP3F20EL363823,18515,FORD,Focus,2014,43.29,47.6,-120.66
192,12555,Scottsdale, AZ,74245,1FMCU0F70EUA06933,22700,FORD,Escape,2014,44.69,33.51,-111.9
193,18397,Phoenix, AZ,32701,3FA6P0RU1ER356434,32500,FORD,Fusion,2014,43.39,33.45,-112.08
194,15830,Phoenix, AZ,21507,1ZVBP8EM2E5300077,27200,FORD,Mustang,2014,41.8,33.45,-112.08
195,18800,Leavenworth, KS,13255,1FMCU0J96EUD77233,29100,FORD,Escape,2014,35.4,47.6,-120.66
196,13988,Shawnee, KS,57529,1FMCU0GX4EUC75712,25550,FORD,Escape,2014,45.25,35.33,-96.93
197,13795,Glendale, AZ,88702,3FA6P0LU6ER272389,27200,FORD,Fusion,2014,49.28,34.14,-118.25
198,14995,Hickory, NC,36049,1FMCU0GX8EUD78888,25550,FORD,Escape,2014,41.31,35.73,-81.34
199,17000,Leavenworth, KS,35890,1FMCU0JX2EUD30957,29100,FORD,Escape,2014,41.58,47.6,-120.66
200,15990,Kenly, NC,44510,1FMCU0GXXEUC35764,25550,FORD,Escape,2014,37.42,35.6,-78.12
201,15995,Valdese, NC,35273,1FMCU0GX3EUD69547,25550,FORD,Escape,2014,37.4,35.74,-81.56
202,12975,Burlington, KS,70959,1FMCU0GX9EUD09868,25550,FORD,Escape,2014,49.22,44.47,-73.21
203,16485,Leavenworth, KS,34047,2FMDK3GC3EBB29431,0,FORD,Edge,2014,-inf,47.6,-120.66
204,14595,Valdese, NC,53538,1FMCU0GX7EUB38957,25550,FORD,Escape,2014,42.88,35.74,-81.56
205,16297,Mesa, AZ,36439,3FA6P0SU2ER329849,40500,FORD,Fusion,2014,59.76,33.41,-111.83
206,16500,Elizabeth City, NC,29888,1FMCU0GX0EUD77959,25550,FORD,Escape,2014,35.42,36.3,-76.22
207,15997,Tucson, AZ,40492,3FA6P0SUXER170336,40500,FORD,Fusion,2014,60.5,32.22,-110.93
208,12500,Charlotte, NC,68529,1FMCU0F73EUA82095,22700,FORD,Escape,2014,44.93,35.23,-80.84
209,16442,Hillsborough, NC,35398,1FMCU0GX8EUD14298,25550,FORD,Escape,2014,35.65,37.57,-122.38
210,17499,Leavenworth, KS,32244,1FMCU0JX0EUE50238,29100,FORD,Escape,2014,39.87,47.6,-120.66
211,17150,Jacksonville, NC,22512,1FMCU0GX7EUD41136,25550,FORD,Escape,2014,32.88,30.33,-81.66
212,17114,kansas city, KS,23304,1FMCU0G96EUD71407,25550,FORD,Escape,2014,33.02,39.08,-94.56
213,16688,Glendale, AZ,32871,1FMCU0F7XEUA84457,22700,FORD,Escape,2014,26.48,34.14,-118.25
214,25204,Nashville, NC,38712,1FTEX1CMXEFC39517,35640,FORD,F-150,2014,29.28,36.16,-86.77
215,27980,Cary, NC,16180,1FTFX1EF2EKE04020,40250,FORD,F-150,2014,30.48,35.79,-78.78
216,17900,Kernersville, NC,70609,1FAHP2F89EG130600,34200,FORD,Taurus,2014,47.66,36.12,-80.07
217,12995,Indian Trail, NC,25816,1FADP3F29EL359558,18515,FORD,Focus,2014,29.81,35.08,-80.67
218,26491,Hillsborough, NC,28496,1FTEW1CM1EFC40140,47390,FORD,F-150,2014,44.1,37.57,-122.38
219,24500,Wilmington, NC,61220,1FM5K8D8XEGA85213,34600,FORD,Explorer,2014,29.19,39.75,-75.55
220,21325,Raleigh, NC,96220,1FM5K7D8XEGA40993,32600,FORD,Explorer,2014,34.59,35.78,-78.64
221,25294,Dunn, NC,43875,1FM5K8D87EGB56836,34600,FORD,Explorer,2014,26.9,35.31,-78.61
222,24987,Dunn, NC,43665,2FMDK4KC2EBA44156,0,FORD,Edge,2014,-inf,35.31,-78.61
223,25978,Lumberton, NC,32398,1FTMF1EF4EKD13230,33245,FORD,F-150,2014,21.86,30.27,-94.2
224,24300,Jacksonville, NC,56155,1FM5K7F89EGB68686,38100,FORD,Explorer,2014,36.22,30.33,-81.66
225,25991,Elizabeth City, NC,31358,1FTFX1CF8EKF42552,35640,FORD,F-150,2014,27.07,36.3,-76.22
226,28999,Cary, NC,119,1ZVBP8FF8E5207287,35900,FORD,Mustang,2014,19.22,35.79,-78.78
227,26994,Apache Junction, AZ,18940,2FMDK3KC6EBB24375,0,FORD,Edge,2014,-inf,33.41,-111.55
228,26921,Wake Forest, NC,29412,1FM5K7D83EGB00189,32600,FORD,Explorer,2014,17.42,35.98,-78.51
229,21477,Southern Pines, NC,81455,1FM5K8D86EGB28140,34600,FORD,Explorer,2014,37.93,35.17,-79.39
230,24000,Morganton, NC,63687,1FM5K7F81EGA44668,38100,FORD,Explorer,2014,37.01,35.75,-81.69
231,23990,Wilmington, NC,57725,1FTEW1CMXEFB06470,47390,FORD,F-150,2014,49.38,39.75,-75.55
232,33485,Kernersville, NC,87292,1FTFW1ET2EKD59069,42260,FORD,F-150,2014,20.76,36.12,-80.07
233,45250,Jacksonville, NC,84990,1FT7W2BT1EEA57494,52710,FORD,F-250,2014,14.15,30.33,-81.66
234,37900,Southern Pines, NC,39404,1FTFW1ET4EKF54591,42260,FORD,F-150,2014,10.32,35.17,-79.39
235,35888,Eden, NC,64858,1FTFW1ET7EFA60296,42260,FORD,F-150,2014,15.08,31.22,-99.85
236,37981,Lillington, NC,40734,1FTFW1ET3EKE88132,42260,FORD,F-150,2014,10.13,35.4,-78.82
237,38900,Southern Pines, NC,29105,1FTFW1ET1EKD88613,42260,FORD,F-150,2014,7.95,35.17,-79.39
238,38900,Southern Pines, NC,33485,1FTFW1ET9EKF42906,42260,FORD,F-150,2014,7.95,35.17,-79.39
239,49438,Flagstaff, AZ,44656,1FT8W3BT5EEB75414,53610,FORD,F-350,2014,7.78,35.2,-111.65
240,46977,Raleigh, NC,64641,1FT7W2BT5EEB06759,52710,FORD,F-250,2014,10.88,35.78,-78.64
241,44900,Smithfield, NC,78725,1FT8W3BT8EEB31990,53610,FORD,F-350,2014,16.25,41.92,-71.55
242,43880,Canton, NC,68912,1FD0W4HT7EEA03231,0,FORD,F-450,2014,-inf,40.8,-81.38
243,49838,Flagstaff, AZ,44010,1FT8W3DT3EEB07741,55010,FORD,F-350,2014,9.4,35.2,-111.65
244,51999,Cary, NC,32951,1FT7W2BT1EEA54059,52710,FORD,F-250,2014,1.35,35.79,-78.78
245,39919,Southern Pines, NC,37465,1FTFW1ET4EFA81011,42260,FORD,F-150,2014,5.54,35.17,-79.39
246,52843,Casa Grande, AZ,18723,1FT7W2BT0EEB79053,52710,FORD,F-250,2014,-0.25,32.88,-111.76
247,41185,Kernersville, NC,74758,1FT7W2BT3EEA70246,52710,FORD,F-250,2014,21.86,36.12,-80.07
248,47895,Valdese, NC,28112,1FT7W2BT8EEA19504,52710,FORD,F-250,2014,9.13,35.74,-81.56
249,15990,Fayetteville, NC,34087,2HGFB2F91EH544369,22740,HONDA,Civic,2014,29.68,36.06,-94.16
250,15854,Charlotte, NC,26433,19XFB2F8XEE079947,21090,HONDA,Civic,2014,24.83,35.23,-80.84
251,15688,Peoria, AZ,36096,19XFB2F83EE073780,21090,HONDA,Civic,2014,25.61,40.69,-89.59
252,15437,Kingman, AZ,30634,19XFB2F8XEE076918,21090,HONDA,Civic,2014,26.8,35.19,-114.05
253,13988,Raleigh, NC,39007,2HGFB2F57EH558399,19190,HONDA,Civic,2014,27.11,35.78,-78.64
254,14687,New Bern, NC,41150,19XFB2F87EE071868,21090,HONDA,Civic,2014,30.36,35.11,-77.04
255,14950,Burlington, NC,28749,2HGFB2F81EH538028,21090,HONDA,Civic,2014,29.11,44.47,-73.21
256,15000,Phoenix, AZ,35564,19XFB2F58EE261412,19190,HONDA,Civic,2014,21.83,33.45,-112.08
257,15788,Huntersville, NC,33778,19XFB2F89EE061049,21090,HONDA,Civic,2014,25.14,35.41,-80.84
258,13950,Raleigh, NC,42825,19XFB2F88EE076691,21090,HONDA,Civic,2014,33.85,35.78,-78.64
259,16400,Gastonia, NC,20216,19XFB2F84EE076297,21090,HONDA,Civic,2014,22.24,35.26,-81.19
260,15750,Boone, NC,33617,2HGFB2F82EH556540,21090,HONDA,Civic,2014,25.32,36.22,-81.67
261,13985,Wichita, KS,38415,2HGFG3B57EH519695,18990,HONDA,Civic,2014,26.36,37.69,-97.34
262,15300,Greensboro, NC,29597,19XFB2F98EE247268,22740,HONDA,Civic,2014,32.72,36.07,-79.79
263,9978,Buckeye, AZ,79156,JHMZF1D64ES000278,22490,HONDA,CR-Z,2014,55.63,33.37,-112.58
264,15000,Merriam, KS,35364,19XFB2F83EE057398,21090,HONDA,Civic,2014,28.88,39.02,-94.69
265,13950,Phoenix, AZ,48677,19XFB2F85EE060755,21090,HONDA,Civic,2014,33.85,33.45,-112.08
266,13900,Lexington, NC,62119,2HGFB2F55EH517012,19190,HONDA,Civic,2014,27.57,38.05,-84.5
267,15555,Phoenix, AZ,39185,2HGFB2F82EH533274,21090,HONDA,Civic,2014,26.24,33.45,-112.08
268,15500,Elizabeth City, NC,29265,1HGCR2F37EA275755,22755,HONDA,Accord,2014,31.88,36.3,-76.22
269,15750,Forest City, NC,32388,19XFB2F97EE083270,22740,HONDA,Civic,2014,30.74,43.26,-93.64
270,14700,Greensboro, NC,43343,19XFB2F91EE021122,22740,HONDA,Civic,2014,35.36,36.07,-79.79
271,12499,Wilson, NC,43797,2HGFG3B57EH505571,18990,HONDA,Civic,2014,34.18,35.72,-77.92
272,15995,Hickory, NC,37834,2HGFB2F89EH558768,21090,HONDA,Civic,2014,24.16,35.73,-81.34
273,16900,Peoria, AZ,28801,19XFB2F87EE081588,21090,HONDA,Civic,2014,19.87,40.69,-89.59
274,15300,Elizabeth City, NC,33691,1HGCR2F37EA284407,22755,HONDA,Accord,2014,32.76,36.3,-76.22
275,14399,Raleigh, NC,47926,2HGFB2F85EH535410,21090,HONDA,Civic,2014,31.73,35.78,-78.64
276,15495,Tucson, AZ,34812,1HGCR2F3XEA136767,22755,HONDA,Accord,2014,31.91,32.22,-110.93
277,15995,Fuquay Varina, NC,14182,1HGCR2F3XEA264698,22755,HONDA,Accord,2014,29.71,,
278,14500,Charlotte, NC,32489,1HGCR2F31EA182990,22755,HONDA,Accord,2014,36.28,35.23,-80.84
279,17800,Elizabeth City, NC,23241,1HGCR2F57EA150823,24515,HONDA,Accord,2014,27.39,36.3,-76.22
280,14233,Hayesville, NC,62886,19XFB2F91EE034453,22740,HONDA,Civic,2014,37.41,35.05,-83.82
281,15580,Chandler, AZ,37711,1HGCR2F36EA019462,22755,HONDA,Accord,2014,31.53,33.31,-111.84
282,14988,Derby, KS,28637,1HGCR2F35EA257884,22755,HONDA,Accord,2014,34.13,37.55,-97.27
283,16900,Gastonia, NC,12473,1HGCR2F34EA034347,22755,HONDA,Accord,2014,25.73,35.26,-81.19
284,14499,Lawrence, KS,31278,2HGFG3A85EH504947,20290,HONDA,Civic,2014,28.54,38.97,-95.24
285,15400,Phoenix, AZ,27259,2HGFG3B82EH524510,21090,HONDA,Civic,2014,26.98,33.45,-112.08
286,15490,Harrisburg, NC,24105,1HGCR2F3XEA162365,22755,HONDA,Accord,2014,31.93,40.27,-76.89
287,15930,Salisbury, NC,28773,1HGCR2F31EA213588,22755,HONDA,Accord,2014,29.99,38.37,-75.6
288,13995,Valdese, NC,53352,1HGCR2F3XEA249604,22755,HONDA,Accord,2014,38.5,35.74,-81.56
289,13987,Wichita, KS,39232,2HGFG3B52EH520253,18990,HONDA,Civic,2014,26.35,37.69,-97.34
290,15500,Phoenix, AZ,25146,1HGCR2F3XEA285342,22755,HONDA,Accord,2014,31.88,33.45,-112.08
291,15482,Mesa, AZ,32224,1HGCR2F34EA267452,22755,HONDA,Accord,2014,31.96,33.41,-111.83
292,12531,Mesa, AZ,73715,2HGFG3B80EH508841,21090,HONDA,Civic,2014,40.58,33.41,-111.83
293,15698,Salisbury, NC,33086,1HGCR2F32EA295671,22755,HONDA,Accord,2014,31.01,38.37,-75.6
294,14450,Burlington, NC,38306,1HGCR2F35EA165271,22755,HONDA,Accord,2014,36.5,44.47,-73.21
295,14500,Greensboro, NC,38409,1HGCR2F3XEA218336,22755,HONDA,Accord,2014,36.28,36.07,-79.79
296,15550,Tuscon, AZ,26177,1HGCR2F36EA176635,22755,HONDA,Accord,2014,31.66,,
297,15624,Salisbury, NC,35156,1HGCR2F39EA153978,22755,HONDA,Accord,2014,31.34,38.37,-75.6
298,17450,Indian Trail, NC,19664,1HGCR2F71EA308221,25680,HONDA,Accord,2014,32.05,35.08,-80.67
299,17900,Locust, NC,39133,2HKRM3H57EH537150,25045,HONDA,CR-V,2014,28.53,43.42,-91.72
300,19733,Phoenix, AZ,29071,5J6RM4H55EL115955,26295,HONDA,CR-V,2014,24.96,33.45,-112.08
301,18697,Greensboro, NC,31772,2HKRM4H32EH696081,24195,HONDA,CR-V,2014,22.72,36.07,-79.79
302,18200,Greensboro, NC,37999,5J6RM4H76EL044346,28945,HONDA,CR-V,2014,37.12,36.07,-79.79
303,17985,Peoria, AZ,41244,2HKRM3H52EH513709,25045,HONDA,CR-V,2014,28.19,40.69,-89.59
304,15997,Scottsdale, AZ,76494,5J6RM3H59EL021720,25045,HONDA,CR-V,2014,36.13,33.51,-111.9
305,18600,Olathe, KS,34206,5J6RM4H51EL056841,26295,HONDA,CR-V,2014,29.26,38.88,-94.82
306,19750,Salisbury, NC,30498,2HKRM4H72EH614126,28945,HONDA,CR-V,2014,31.77,38.37,-75.6
307,19751,New Bern, NC,31477,2HKRM3H5XEH503767,25045,HONDA,CR-V,2014,21.14,35.11,-77.04
308,14998,Greenville, NC,91002,5J6RM3H7XEL023364,27695,HONDA,CR-V,2014,45.85,34.85,-82.4
309,19500,Phoenix, AZ,31749,3CZRM3H51EG704816,25045,HONDA,CR-V,2014,22.14,33.45,-112.08
310,19000,Salisbury, NC,50261,2HKRM4H79EH615399,28945,HONDA,CR-V,2014,34.36,38.37,-75.6
311,18990,Fayetteville, NC,55422,2HKRM3H72EH529099,27695,HONDA,CR-V,2014,31.43,36.06,-94.16
312,17500,Wilmington, NC,73599,5J6RM3H70EL007092,27695,HONDA,CR-V,2014,36.81,39.75,-75.55
313,19992,Surprise, AZ,31200,2HKRM3H71EH541809,27695,HONDA,CR-V,2014,27.81,33.63,-112.37
314,17599,Charlotte, NC,50701,2HKRM3H58EH562221,25045,HONDA,CR-V,2014,29.73,35.23,-80.84
315,20812,Gilbert, AZ,24328,2HKRM3H70EH544524,27695,HONDA,CR-V,2014,24.85,47.49,-92.47
316,18491,Gilbert, AZ,52958,5J6RM3H76EL033860,27695,HONDA,CR-V,2014,33.23,47.49,-92.47
317,17700,Raleigh, NC,50474,2HKRM4H72EH645196,28945,HONDA,CR-V,2014,38.85,35.78,-78.64
318,17495,Greenville, NC,59978,2HKRM3H59EH551714,25045,HONDA,CR-V,2014,30.15,34.85,-82.4
319,19000,Phoenix, AZ,42025,2HKRM3H50EH547938,25045,HONDA,CR-V,2014,24.14,33.45,-112.08
320,16611,Greensboro, NC,65490,5J6RM3H74EL012943,27695,HONDA,CR-V,2014,40.02,36.07,-79.79
321,18977,Fayetteville, NC,45818,2HKRM3H70EH519624,27695,HONDA,CR-V,2014,31.48,36.06,-94.16
322,29500,Merriam, KS,41391,5FNRL5H91EB022144,41880,HONDA,Odyssey,2014,29.56,39.02,-94.69
323,26981,Concord, NC,67091,5FNYF3H93EB018572,39820,HONDA,Pilot,2014,32.24,37.98,-122.03
324,17129,Kingman, AZ,56253,2HKRM3H56EH531341,25045,HONDA,CR-V,2014,31.61,35.19,-114.05
325,18531,New Bern, NC,39473,5J6RM4H56EL001298,26295,HONDA,CR-V,2014,29.53,35.11,-77.04
326,17999,Weaverville, NC,36295,2HKRM4H53EH703508,26295,HONDA,CR-V,2014,31.55,35.7,-82.56
327,26787,Hickory, NC,72470,5FNYF3H95EB022221,39820,HONDA,Pilot,2014,32.73,35.73,-81.34
328,16984,Forest City, NC,59612,2HKRM3H35EH566578,22945,HONDA,CR-V,2014,25.98,43.26,-93.64
329,30988,Raleigh, NC,39334,5FNRL5H99EB077361,41880,HONDA,Odyssey,2014,26.01,35.78,-78.64
330,26995,Lawrence, KS,65936,5FNYF4H94EB040702,41420,HONDA,Pilot,2014,34.83,38.97,-95.24
331,29978,Merriam, KS,42837,5FNRL5H98EB113850,41880,HONDA,Odyssey,2014,28.42,39.02,-94.69
332,19990,Cary, NC,44997,2HKRM4H71EH623691,28945,HONDA,CR-V,2014,30.94,35.79,-78.78
333,19995,Morehead City, NC,34791,5J6RM3H51EL045641,25045,HONDA,CR-V,2014,20.16,34.72,-76.73
334,28500,Boone, NC,66889,5FNYF4H97EB011937,41420,HONDA,Pilot,2014,31.19,36.22,-81.67
335,18990,Wilmington, NC,44963,2HKRM3H78EH528779,27695,HONDA,CR-V,2014,31.43,39.75,-75.55
336,30595,Hickory, NC,45034,5FNYF4H91EB001145,41420,HONDA,Pilot,2014,26.13,35.73,-81.34
337,18000,Wilmington, NC,84632,5J6RM4H70EL108672,28945,HONDA,CR-V,2014,37.81,39.75,-75.55
338,20988,Raleigh, NC,50608,5J6RM3H78EL042687,27695,HONDA,CR-V,2014,24.22,35.78,-78.64
339,20961,Scottsdale, AZ,53843,5J6RM4H7XEL012886,28945,HONDA,CR-V,2014,27.58,33.51,-111.9
340,21999,Sierra Vista, AZ,23792,5J6TF3H56EL000307,31065,HONDA,Crosstour,2014,29.18,31.55,-110.3
341,29594,Murphy, NC,55179,5FNRL5H99EB102677,41880,HONDA,Odyssey,2014,29.34,33.02,-96.61
342,26977,Mesa, AZ,90164,5FPYK1F78EB005423,30720,HONDA,Ridgeline,2014,12.18,33.41,-111.83
343,17950,Swannanoa, NC,101765,5FNYF4H27EB039515,31270,HONDA,Pilot,2014,42.6,35.6,-82.4
344,29995,Durham, NC,54298,5FNRL5H95EB063425,41880,HONDA,Odyssey,2014,28.38,36.0,-78.9
345,18987,Kansas City, KS,125027,5FNYF4H52EB028254,36770,HONDA,Pilot,2014,48.36,39.08,-94.56
346,26441,Peoria, AZ,43570,5FNYF3H51EB013982,35170,HONDA,Pilot,2014,24.82,40.69,-89.59
347,28600,Phoenix, AZ,22451,5FNRL5H61EB136540,35625,HONDA,Odyssey,2014,19.72,33.45,-112.08
348,29488,Raleigh, NC,49815,5FNRL5H93EB022260,41880,HONDA,Odyssey,2014,29.59,35.78,-78.64
349,16497,Merriam, KS,28596,KMHEC4A44EA112139,26000,HYUNDAI,Sonata,2014,36.55,39.02,-94.69
350,14000,Merriam, KS,50685,KMHEC4A41EA108730,26000,HYUNDAI,Sonata,2014,46.15,39.02,-94.69
351,15775,Concord, NC,45718,KMHEC4A43EA110379,26000,HYUNDAI,Sonata,2014,39.33,37.98,-122.03
352,15911,New Bern, NC,52406,KMHEC4A43EA110396,26000,HYUNDAI,Sonata,2014,38.8,35.11,-77.04
353,16900,Hickory, NC,45418,KMHEC4A44EA104106,26000,HYUNDAI,Sonata,2014,35.0,35.73,-81.34
354,15860,Mesa, AZ,54774,KMHEC4A47EA107047,26000,HYUNDAI,Sonata,2014,39.0,33.41,-111.83
355,16929,Charlotte, NC,39933,KMHEC4A47EA104584,26000,HYUNDAI,Sonata,2014,34.89,35.23,-80.84
356,13995,Charlotte, NC,76465,KMHEC4A48EA104593,26000,HYUNDAI,Sonata,2014,46.17,35.23,-80.84
357,15975,Phoenix, AZ,59346,KMHEC4A43EA110270,26000,HYUNDAI,Sonata,2014,38.56,33.45,-112.08
358,16888,Merriam, KS,52080,KMHEC4A48EA107672,26000,HYUNDAI,Sonata,2014,35.05,39.02,-94.69
359,11995,Charlotte, NC,18407,5NPEB4AC0EH875475,21350,HYUNDAI,Sonata,2014,43.82,35.23,-80.84
360,12497,Merriam, KS,31454,5NPEB4AC0EH895550,21350,HYUNDAI,Sonata,2014,41.47,39.02,-94.69
361,13800,Fayetteville, NC,24750,5NPEB4AC0EH884340,21350,HYUNDAI,Sonata,2014,35.36,36.06,-94.16
362,10999,Matthews, NC,33599,KMHDH4AE3EU139188,21650,HYUNDAI,Elantra,2014,49.2,35.12,-80.72
363,14533,Lawrence, KS,15738,5NPEB4AC6EH890689,21350,HYUNDAI,Sonata,2014,31.93,38.97,-95.24
364,12995,Albemarle, NC,17168,5NPEB4AC9EH926228,21350,HYUNDAI,Sonata,2014,39.13,35.35,-80.2
365,10995,Graham, NC,36797,5NPEB4AC5EH889856,21350,HYUNDAI,Sonata,2014,48.5,47.04,-122.28
366,13200,Greensboro, NC,18469,5NPEC4AB8EH939699,25750,HYUNDAI,Sonata,2014,48.74,36.07,-79.79
367,12995,Havelock, NC,31404,5NPEB4AC3EH887703,21350,HYUNDAI,Sonata,2014,39.13,34.88,-76.9
368,12000,Raleigh, NC,35808,5NPEB4AC2EH860024,21350,HYUNDAI,Sonata,2014,43.79,35.78,-78.64
369,12750,Cary, NC,24206,5NPDH4AE3EH468889,21650,HYUNDAI,Elantra,2014,41.11,35.79,-78.78
370,12526,Matthews, NC,47682,5NPEB4AC9EH893604,21350,HYUNDAI,Sonata,2014,41.33,35.12,-80.72
371,9995,Apache Junction, AZ,52391,5NPDH4AE1EH537322,21650,HYUNDAI,Elantra,2014,53.83,33.41,-111.55
372,13676,Nashville, NC,28892,5NPEB4ACXEH834576,21350,HYUNDAI,Sonata,2014,35.94,36.16,-86.77
373,21342,Matthews, NC,47548,KMHGC4DD7EU265035,35200,HYUNDAI,Genesis,2014,39.37,35.12,-80.72
374,13295,Charlotte, NC,95883,5NPDH4AE4EH527173,21650,HYUNDAI,Elantra,2014,38.59,35.23,-80.84
375,22900,Mesa, AZ,36627,5XYZW3LA9EG140707,30450,HYUNDAI,Santa Fe,2014,24.79,33.41,-111.83
376,19497,Raleigh, NC,91043,KM8SRDHF9EU050664,35450,HYUNDAI,Santa Fe,2014,45.0,35.78,-78.64
377,24985,Raleigh, NC,24892,5XYZUDLB3EG218452,26500,HYUNDAI,Santa Fe,2014,5.72,35.78,-78.64
378,23500,Hickory, NC,46391,KM8SNDHF8EU056080,31550,HYUNDAI,Santa Fe,2014,25.52,35.73,-81.34
379,20450,Wilmington, NC,20040,KM8JUCAG4EU918254,22950,HYUNDAI,Tucson,2014,10.89,39.75,-75.55
380,24990,Morehead City, NC,32490,5XYZW3LA2EG220382,30450,HYUNDAI,Santa Fe,2014,17.93,34.72,-76.73
381,22488,Wilkesboro, NC,62409,KM8SR4HF6EU067728,33700,HYUNDAI,Santa Fe,2014,33.27,36.15,-81.16
382,14995,Manhattan, KS,37964,KMHD35LH2EU163963,19750,HYUNDAI,Elantra,2014,24.08,39.18,-96.57
383,25950,Wilmington, NC,33964,KM8SR4HF7EU082304,33700,HYUNDAI,Santa Fe,2014,23.0,39.75,-75.55
384,12995,Greensboro, NC,45945,KMHCU5AE9EU154226,16395,HYUNDAI,Accent,2014,20.74,36.07,-79.79
385,25555,Lawrence, KS,23368,KMHGC4DH1EU261615,47400,HYUNDAI,Genesis,2014,46.09,38.97,-95.24
386,8994,Mesa, AZ,73668,KMHCT4AE3EU643329,14645,HYUNDAI,Accent,2014,38.59,33.41,-111.83
387,24790,Avondale, AZ,30381,KMHGC4DH6EU265899,47400,HYUNDAI,Genesis,2014,47.7,33.44,-112.34
388,13795,Fayetteville, NC,77562,KMHD35LH2EU190516,19750,HYUNDAI,Elantra,2014,30.15,36.06,-94.16
389,7495,Tucson, AZ,86489,KMHCT4AE8EU619995,14645,HYUNDAI,Accent,2014,48.82,32.22,-110.93
390,14995,Charlotte, NC,62394,KMHTC6AD0EU211526,17800,HYUNDAI,Veloster,2014,15.76,35.23,-80.84
391,17497,Huntersville, NC,25737,KM8JU3AG2EU798034,21450,HYUNDAI,Tucson,2014,18.43,35.41,-80.84
392,27400,Bullhead City, AZ,36291,KMHGC4DH1EU262389,47400,HYUNDAI,Genesis,2014,42.19,35.15,-114.57
393,14395,Gastonia, NC,69359,KMHD35LH8EU178399,19750,HYUNDAI,Elantra,2014,27.11,35.26,-81.19
394,14895,Gastonia, NC,71355,KMHTC6AD4EU211125,17800,HYUNDAI,Veloster,2014,16.32,35.26,-81.19
395,19990,Havelock, NC,45295,KMHHU6KJ2EU114321,33400,HYUNDAI,Genesis Coupe,2014,40.15,34.88,-76.9
396,20998,Wichita, KS,54011,KMHGC4DD2EU260454,35200,HYUNDAI,Genesis,2014,40.35,37.69,-97.34
397,24998,Peoria, AZ,37912,KMHGH4JH9EU075262,61000,HYUNDAI,Equus,2014,59.02,40.69,-89.59
398,26988,Mesa, AZ,23454,KMHGH4JH7EU076829,61000,HYUNDAI,Equus,2014,55.76,33.41,-111.83
399,17500,Hickory, NC,53213,5XYZTDLB7EG196782,26500,HYUNDAI,Santa Fe,2014,33.96,35.73,-81.34
400,26500,Wilmington, NC,42957,KMHGH4JH5EU077588,61000,HYUNDAI,Equus,2014,56.56,39.75,-75.55
401,23991,Scottsdale, AZ,66284,KMHGH4JH2EU076074,61000,HYUNDAI,Equus,2014,60.67,33.51,-111.9
402,17990,Fuquay-Varina, NC,49405,5XYZT3LB9EG144225,24750,HYUNDAI,Santa Fe,2014,27.31,35.58,-78.8
403,14788,Lexington, NC,81636,5XYZTDLB6EG153177,26500,HYUNDAI,Santa Fe,2014,44.2,38.05,-84.5
404,24971,Phoenix, AZ,55705,KMHGH4JH4EU074200,61000,HYUNDAI,Equus,2014,59.06,33.45,-112.08
405,25625,Rocky Mount, NC,47956,KMHGH4JH2EU076110,61000,HYUNDAI,Equus,2014,57.99,35.94,-77.8
406,20995,Apache Junction, AZ,37947,5XYZW3LA8EG142206,30450,HYUNDAI,Santa Fe,2014,31.05,33.41,-111.55
407,21770,Garner, NC,36663,5XYZUDLA8EG215991,32200,HYUNDAI,Santa Fe,2014,32.39,35.71,-78.61
408,28800,Jacksonville, NC,41714,KMHGH4JH0EU074162,61000,HYUNDAI,Equus,2014,52.79,30.33,-81.66
409,30777,Tempe, AZ,20867,KMHGH4JH0EU084948,61000,HYUNDAI,Equus,2014,49.55,33.41,-111.91
410,31900,Wilson, NC,19346,KMHGH4JH2EU085664,61000,HYUNDAI,Equus,2014,47.7,35.72,-77.92
411,12999,Burlington, NC,17111,2T1BURHE6EC200511,18300,TOYOTA,Corolla,2014,28.97,44.47,-73.21
412,13699,Sanford, NC,19364,2T1BURHE5EC183930,18300,TOYOTA,Corolla,2014,25.14,28.81,-81.27
413,11998,Raleigh, NC,19600,2T1BURHEXEC220986,18300,TOYOTA,Corolla,2014,34.44,35.78,-78.64
414,12497,Kansas City, KS,73216,4T1BD1FK3EU120625,27670,TOYOTA,Camry,2014,54.84,39.08,-94.56
415,13998,Sanford, NC,19309,2T1BURHE6EC145297,18300,TOYOTA,Corolla,2014,23.51,28.81,-81.27
416,14496,Winston-Salem, NC,12790,2T1BURHE5EC202363,18300,TOYOTA,Corolla,2014,20.79,36.1,-80.24
417,16887,Phoenix, AZ,30573,4T1BD1FK4EU125476,27670,TOYOTA,Camry,2014,38.97,33.45,-112.08
418,11400,Raleigh, NC,30870,2T1BURHE2EC169189,18300,TOYOTA,Corolla,2014,37.7,35.78,-78.64
419,12449,Apex, NC,19099,5YFBURHE4EP167699,18300,TOYOTA,Corolla,2014,31.97,35.73,-78.85
420,15200,Lake Havasu, AZ,14059,2T1BURHE8EC173070,18300,TOYOTA,Corolla,2014,16.94,,
421,13995,Apex, NC,19326,2T1BURHE6EC188649,18300,TOYOTA,Corolla,2014,23.52,35.73,-78.85
422,10995,Fuquay Varina, NC,38072,2T1BURHE6EC129939,18300,TOYOTA,Corolla,2014,39.92,,
423,13999,Cary, NC,11856,2T1BURHE0EC186427,18300,TOYOTA,Corolla,2014,23.5,35.79,-78.78
424,12908,Raleigh, NC,15966,2T1BURHE6EC014838,18300,TOYOTA,Corolla,2014,29.46,35.78,-78.64
425,13600,Raleigh, NC,24050,2T1BURHEXEC202424,18300,TOYOTA,Corolla,2014,25.68,35.78,-78.64
426,14712,Apex, NC,11910,2T1BURHE3EC199186,18300,TOYOTA,Corolla,2014,19.61,35.73,-78.85
427,16798,Merriam, KS,24623,4T1BD1FK6EU136737,27670,TOYOTA,Camry,2014,39.29,39.02,-94.69
428,10500,Charlotte, NC,46450,4T1BF1FK6EU776084,23400,TOYOTA,Camry,2014,55.13,35.23,-80.84
429,14500,Apex, NC,16257,2T1BURHE5EC192627,18300,TOYOTA,Corolla,2014,20.77,35.73,-78.85
430,16998,Apex, NC,31992,4T1BD1FK8EU123357,27670,TOYOTA,Camry,2014,38.57,35.73,-78.85
431,10999,Phoenix, AZ,42559,5YFBURHE7EP120666,18300,TOYOTA,Corolla,2014,39.9,33.45,-112.08
432,13347,Cornelius, NC,37504,2T1BURHE7EC142277,18300,TOYOTA,Corolla,2014,27.07,45.52,-123.06
433,13797,Fayetteville, NC,9548,2T1BURHE7EC197828,18300,TOYOTA,Corolla,2014,24.61,36.06,-94.16
434,16995,Greenville, NC,22242,4T1BD1FK4EU104790,27670,TOYOTA,Camry,2014,38.58,34.85,-82.4
435,13897,Tucson, AZ,36937,5YFBURHE9EP164510,18300,TOYOTA,Corolla,2014,24.06,32.22,-110.93
436,18988,Concord, NC,6069,4T4BF1FK1ER395281,22235,TOYOTA,Camry,2014,14.6,37.98,-122.03
437,14995,Tucson, AZ,60350,4T1BF1FK0EU777490,23400,TOYOTA,Camry,2014,35.92,32.22,-110.93
438,16480,Wilson, NC,42758,4T1BF1FK9EU465507,23400,TOYOTA,Camry,2014,29.57,35.72,-77.92
439,14700,Goldsboro, NC,63563,4T1BF1FK5EU441799,23400,TOYOTA,Camry,2014,37.18,35.38,-77.99
440,16497,Charlotte, NC,33096,4T1BF1FK6EU459910,23400,TOYOTA,Camry,2014,29.5,35.23,-80.84
441,16000,Merriam, KS,39150,4T4BF1FK1ER379226,22235,TOYOTA,Camry,2014,28.04,39.02,-94.69
442,18542,Lawrence, KS,18642,4T1BF1FK4EU450722,23400,TOYOTA,Camry,2014,20.76,38.97,-95.24
443,17497,Olathe, KS,21711,4T4BF1FK4ER392200,22235,TOYOTA,Camry,2014,21.31,38.88,-94.82
444,17698,Merriam, KS,29926,4T1BF1FK9EU423600,23400,TOYOTA,Camry,2014,24.37,39.02,-94.69
445,16995,Tucson, AZ,28000,4T1BF1FK2EU381559,23400,TOYOTA,Camry,2014,27.37,32.22,-110.93
446,16910,Durham, NC,35968,4T1BF1FK8EU835605,23400,TOYOTA,Camry,2014,27.74,36.0,-78.9
447,18977,Tempe, AZ,4655,4T1BF1FK0EU776663,23400,TOYOTA,Camry,2014,18.9,33.41,-111.91
448,15700,Smithfield, NC,45951,4T1BF1FK3EU769948,23400,TOYOTA,Camry,2014,32.91,41.92,-71.55
449,14974,Raleigh, NC,64370,4T1BF1FK3EU743012,23400,TOYOTA,Camry,2014,36.01,35.78,-78.64
450,12950,High Point, NC,79269,4T1BF1FK8EU826077,23400,TOYOTA,Camry,2014,44.66,35.96,-80.01
451,13588,Surprise, AZ,81508,4T1BF1FK3EU462103,23400,TOYOTA,Camry,2014,41.93,33.63,-112.37
452,14988,Peoria, AZ,49596,JTDKDTB35E1073808,23360,TOYOTA,Prius C,2014,35.84,40.69,-89.59
453,19215,Tucson, AZ,33514,4T1BK1FK7EU543763,30465,TOYOTA,Camry,2014,36.93,32.22,-110.93
454,16995,Goldsboro, NC,46092,4T1BF1FK1EU814451,23400,TOYOTA,Camry,2014,27.37,35.38,-77.99
455,12900,Olathe, KS,81274,4T1BF1FK3EU338350,23400,TOYOTA,Camry,2014,44.87,38.88,-94.82
456,15999,Hickory, NC,54116,4T1BF1FKXEU398464,23400,TOYOTA,Camry,2014,31.63,35.73,-81.34
457,11777,Graham, NC,90824,4T1BF1FK8EU376219,23400,TOYOTA,Camry,2014,49.67,47.04,-122.28
458,18697,Winston Salem, NC,12706,4T1BK1FK1EU541281,30465,TOYOTA,Camry,2014,38.63,,
459,8995,Cary, NC,65183,JTDKTUD35ED577845,16490,TOYOTA,Yaris,2014,45.45,35.79,-78.78
460,18998,Merriam, KS,39988,4T1BK1FK8EU538670,30465,TOYOTA,Camry,2014,37.64,39.02,-94.69
461,15490,Phoenix, AZ,27876,JTDKN3DU8E1833460,28435,TOYOTA,PRIUS,2014,45.52,33.45,-112.08
462,17988,Raleigh, NC,60198,4T1BK1FK7EU550325,30465,TOYOTA,Camry,2014,40.96,35.78,-78.64
463,18999,Tucson, AZ,14569,2T3ZFREV2EW129505,23550,TOYOTA,RAV4,2014,19.32,32.22,-110.93
464,13588,Phoenix, AZ,57223,JTDKN3DU6E1746012,28435,TOYOTA,PRIUS,2014,52.21,33.45,-112.08
465,15997,Phoenix, AZ,28431,JTDKN3DU4E0362543,28435,TOYOTA,PRIUS,2014,43.74,33.45,-112.08
466,12988,Garner, NC,112126,4T1BF1FK8EU817170,23400,TOYOTA,Camry,2014,44.5,35.71,-78.61
467,18595,Tucson, AZ,44730,4T1BF1FK7EU382397,23400,TOYOTA,Camry,2014,20.53,32.22,-110.93
468,18599,Tucson, AZ,26032,JTMZFREV5EJ019420,23550,TOYOTA,RAV4,2014,21.02,32.22,-110.93
469,15471,Winston-Salem, NC,40490,JTDKN3DU7E0393074,28435,TOYOTA,PRIUS,2014,45.59,36.1,-80.24
470,15696,Scottsdale, AZ,32862,JTDKN3DU0E1861883,28435,TOYOTA,PRIUS,2014,44.8,33.51,-111.9
471,13999,Phoenix, AZ,37553,JTDKN3DU6E0358719,28435,TOYOTA,PRIUS,2014,50.77,33.45,-112.08
472,17999,Gastonia, NC,21996,JTMZFREV6EJ019975,23550,TOYOTA,RAV4,2014,23.57,35.26,-81.19
473,18288,Phoenix, AZ,31123,2T3ZFREV8EW099376,23550,TOYOTA,RAV4,2014,22.34,33.45,-112.08
474,14998,Merriam, KS,39902,JTDKN3DU2E1747254,28435,TOYOTA,PRIUS,2014,47.26,39.02,-94.69
475,12535,Winston-Salem, NC,80945,JTDKN3DU0E1749455,28435,TOYOTA,PRIUS,2014,55.92,36.1,-80.24
476,12995,Charlotte, NC,47832,5TFNX4CN1EX037685,17875,TOYOTA,Tacoma,2014,27.3,35.23,-80.84
477,16500,Charlotte, NC,45936,2T3BFREV9EW146741,24950,TOYOTA,RAV4,2014,33.87,35.23,-80.84
478,19453,Winston-Salem, NC,31427,2T3RFREV5EW178746,26400,TOYOTA,RAV4,2014,26.31,36.1,-80.24
479,18495,Greenville, NC,34577,JTMZFREV2ED035458,23550,TOYOTA,RAV4,2014,21.46,34.85,-82.4
480,17995,Charlotte, NC,28529,2T3WFREV0EW104105,25000,TOYOTA,RAV4,2014,28.02,35.23,-80.84
481,16200,Greensboro, NC,50291,2T3BFREV5EW208278,24950,TOYOTA,RAV4,2014,35.07,36.07,-79.79
482,19552,Chandler, AZ,15135,JTDKN3DU6E1785280,28435,TOYOTA,PRIUS,2014,31.24,33.31,-111.84
483,18697,Winston-Salem, NC,41788,2T3WFREV8EW119774,25000,TOYOTA,RAV4,2014,25.21,36.1,-80.24
484,19950,Wilmington, NC,23721,2T3WFREV3EW111551,25000,TOYOTA,RAV4,2014,20.2,39.75,-75.55
485,19999,Sanford, NC,27908,JTMWFREV2EJ021659,25000,TOYOTA,RAV4,2014,20.0,28.81,-81.27
486,16920,Chapel Hill, NC,59262,2T3WFREVXEW108260,25000,TOYOTA,RAV4,2014,32.32,35.91,-79.06
487,16500,Charlotte, NC,47750,JTMZFREV3EJ001515,23550,TOYOTA,RAV4,2014,29.94,35.23,-80.84
488,15995,Scottsdale, AZ,34000,JTDKN3DU6E0365735,28435,TOYOTA,PRIUS,2014,43.75,33.51,-111.9
489,18900,Raleigh, NC,35257,2T3WFREV8EW127535,25000,TOYOTA,RAV4,2014,24.4,35.78,-78.64
490,16897,Greensboro, NC,43039,JTMZFREV2ED036173,23550,TOYOTA,RAV4,2014,28.25,36.07,-79.79
491,16995,Cary, NC,42591,JTMZFREV6EJ002898,23550,TOYOTA,RAV4,2014,27.83,35.79,-78.78
492,13500,Locust, NC,65022,JTDKN3DUXE1814148,28435,TOYOTA,PRIUS,2014,52.52,43.42,-91.72
493,16999,Lawrence, KS,52666,2T3BFREV0EW127396,24950,TOYOTA,RAV4,2014,31.87,38.97,-95.24
494,16497,Raleigh, NC,21731,5TFNX4CN6EX032272,17875,TOYOTA,Tacoma,2014,7.71,35.78,-78.64
495,19110,Apache Junction, AZ,26677,2T3ZFREV3EW110767,23550,TOYOTA,RAV4,2014,18.85,33.41,-111.55
496,16595,Surprise, AZ,68939,JTMZFREV4ED033758,23550,TOYOTA,RAV4,2014,29.53,33.63,-112.37
497,14499,Raleigh, NC,54018,JTDKN3DU1E0378912,28435,TOYOTA,PRIUS,2014,49.01,35.78,-78.64
498,14994,Surprise, AZ,62832,JTDKN3DU0E1831542,28435,TOYOTA,PRIUS,2014,47.27,33.63,-112.37
499,13850,Phoenix, AZ,73526,JTDKN3DU3E1787696,28435,TOYOTA,PRIUS,2014,51.29,33.45,-112.08
500,15972,Salisbury, NC,56290,JTMBFREV6EJ009903,24950,TOYOTA,RAV4,2014,35.98,38.37,-75.6
501,16097,Phoenix, AZ,35294,JTDKN3DU1E0391238,28435,TOYOTA,PRIUS,2014,43.39,33.45,-112.08
502,19000,Boone, NC,30475,2T3RFREV8EW194682,26400,TOYOTA,RAV4,2014,28.03,36.22,-81.67
503,18573,Prescott, AZ,35851,2T3BFREVXEW201794,24950,TOYOTA,RAV4,2014,25.56,34.54,-112.47
504,16700,Avondale, AZ,50969,2T3WFREV0EW117808,25000,TOYOTA,RAV4,2014,33.2,33.44,-112.34
505,17398,Tucson, AZ,48814,JTDKN3DU2E1818243,28435,TOYOTA,PRIUS,2014,38.81,32.22,-110.93
506,23491,Topeka, KS,39306,2T3DFREV6EW191760,29720,TOYOTA,RAV4,2014,20.96,39.05,-95.68
507,22337,Wilmington, NC,42111,4T1BK1EB2EU097104,31340,TOYOTA,Avalon,2014,28.73,39.75,-75.55
508,29999,Tucson, AZ,22160,3TMJU4GN4EM158492,24660,TOYOTA,Tacoma,2014,-21.65,32.22,-110.93
509,26987,Kansas City, KS,62308,5TDYKRFH4ES017242,39640,TOYOTA,Highlander,2014,31.92,39.08,-94.56
510,25988,Huntersville, NC,63976,5TFLU4EN8EX092700,26905,TOYOTA,Tacoma,2014,3.41,35.41,-80.84
511,25995,Lake Havasu City, AZ,50812,5TFJX4GN0EX031319,23225,TOYOTA,Tacoma,2014,-11.93,34.47,-114.34
512,24995,Indian Trail, NC,84812,5TFLU4EN4EX094900,26905,TOYOTA,Tacoma,2014,7.1,35.08,-80.67
513,27997,Raleigh, NC,27710,5TFLU4EN8EX085939,26905,TOYOTA,Tacoma,2014,-4.06,35.78,-78.64
514,27994,Mesa, AZ,57876,5TFRY5F18EX157383,30965,TOYOTA,Tundra,2014,9.59,33.41,-111.83
515,26500,Apex, NC,83354,5TFEY5F15EX154407,33325,TOYOTA,Tundra,2014,20.48,35.73,-78.85
516,26971,Phoenix, AZ,44245,3TMLU4EN5EM151076,26905,TOYOTA,Tacoma,2014,-0.25,33.45,-112.08
517,23980,Cary, NC,98689,5TDKKRFHXES025013,36040,TOYOTA,Highlander,2014,33.46,35.79,-78.78
518,26587,Kansas City, KS,71926,5TDKKRFH4ES012080,36040,TOYOTA,Highlander,2014,26.23,39.08,-94.56
519,20900,Greensboro, NC,134837,5TFRY5F15EX148740,30965,TOYOTA,Tundra,2014,32.5,36.07,-79.79
520,23978,Madison, NC,49068,4T1BD1EB4EU024309,35555,TOYOTA,Avalon,2014,32.56,43.07,-89.38
521,22710,Durham, NC,28598,4T1BK1EB3EU115478,31340,TOYOTA,Avalon,2014,27.54,36.0,-78.9
522,29995,Jacksonville, NC,50640,5TFSY5F18EX160186,36940,TOYOTA,Tundra,2014,18.8,30.33,-81.66
523,29898,Fayetteville, NC,34763,5TFLU4EN4EX085789,26905,TOYOTA,Tacoma,2014,-11.12,36.06,-94.16
524,23000,Phoenix, AZ,20683,4T1BK1EB4EU094575,31340,TOYOTA,Avalon,2014,26.61,33.45,-112.08
525,30857,Tempe, AZ,38306,5TFEY5F16EX166971,33325,TOYOTA,Tundra,2014,7.41,33.41,-111.91
526,29620,Winston Salem, NC,31520,3TMMU4FN8EM066056,28285,TOYOTA,Tacoma,2014,-4.72,,
527,27500,Mount Airy, NC,62039,3TMLU4EN0EM156895,26905,TOYOTA,Tacoma,2014,-2.21,39.38,-77.15
528,20495,Concord, NC,58975,4T1BK1EB6EU099552,31340,TOYOTA,Avalon,2014,34.6,37.98,-122.03
529,27800,Raleigh, NC,55124,5TDYK3DCXES447832,33645,TOYOTA,Sienna,2014,17.37,35.78,-78.64
530,31994,Mesa, AZ,20886,5TDYKRFH3ES017491,39640,TOYOTA,Highlander,2014,19.29,33.41,-111.83
531,26995,Merriam, KS,67298,3TMLU4EN4EM146113,26905,TOYOTA,Tacoma,2014,-0.33,39.02,-94.69
532,15311,Chandler, AZ,60618,JTDKN3DU4E1736076,28435,TOYOTA,PRIUS,2014,46.15,33.31,-111.84
533,29333,Phoenix, AZ,50144,5TDJKRFH8ES050472,37500,TOYOTA,Highlander,2014,21.78,33.45,-112.08
534,26988,Salisbury, NC,69404,3TMLU4EN3EM161119,26905,TOYOTA,Tacoma,2014,-0.31,38.37,-75.6
